<annotation>
	<folder>black captcha</folder>
	<filename>21.png</filename>
	<path>C:\Users\Thoma\Downloads\Artificial-Intelligence-project-master\Artificial-Intelligence-project-master\object Detection Model\black captcha\21.png</path>
	<source>
		<database>Unknown</database>
	</source>
	<size>
		<width>1476</width>
		<height>753</height>
		<depth>3</depth>
	</size>
	<segmented>0</segmented>
	<object>
		<name>captcha</name>
		<pose>Unspecified</pose>
		<truncated>0</truncated>
		<difficult>0</difficult>
		<bndbox>
			<xmin>1032</xmin>
			<ymin>596</ymin>
			<xmax>1376</xmax>
			<ymax>689</ymax>
		</bndbox>
	</object>
</annotation>
