<annotation>
	<folder>black captcha</folder>
	<filename>22.png</filename>
	<path>C:\Users\Thoma\Downloads\Artificial-Intelligence-project-master\Artificial-Intelligence-project-master\object Detection Model\black captcha\22.png</path>
	<source>
		<database>Unknown</database>
	</source>
	<size>
		<width>1546</width>
		<height>911</height>
		<depth>3</depth>
	</size>
	<segmented>0</segmented>
	<object>
		<name>captcha</name>
		<pose>Unspecified</pose>
		<truncated>0</truncated>
		<difficult>0</difficult>
		<bndbox>
			<xmin>457</xmin>
			<ymin>579</ymin>
			<xmax>801</xmax>
			<ymax>672</ymax>
		</bndbox>
	</object>
</annotation>
