<annotation>
	<folder>black captcha</folder>
	<filename>23.png</filename>
	<path>C:\Users\Thoma\Downloads\Artificial-Intelligence-project-master\Artificial-Intelligence-project-master\object Detection Model\black captcha\23.png</path>
	<source>
		<database>Unknown</database>
	</source>
	<size>
		<width>1794</width>
		<height>1000</height>
		<depth>3</depth>
	</size>
	<segmented>0</segmented>
	<object>
		<name>captcha</name>
		<pose>Unspecified</pose>
		<truncated>0</truncated>
		<difficult>0</difficult>
		<bndbox>
			<xmin>585</xmin>
			<ymin>794</ymin>
			<xmax>1023</xmax>
			<ymax>913</ymax>
		</bndbox>
	</object>
</annotation>
