<annotation>
	<folder>black captcha</folder>
	<filename>27.png</filename>
	<path>C:\Users\Thoma\Downloads\Artificial-Intelligence-project-master\Artificial-Intelligence-project-master\object Detection Model\black captcha\27.png</path>
	<source>
		<database>Unknown</database>
	</source>
	<size>
		<width>460</width>
		<height>276</height>
		<depth>3</depth>
	</size>
	<segmented>0</segmented>
	<object>
		<name>captcha</name>
		<pose>Unspecified</pose>
		<truncated>0</truncated>
		<difficult>0</difficult>
		<bndbox>
			<xmin>36</xmin>
			<ymin>101</ymin>
			<xmax>235</xmax>
			<ymax>154</ymax>
		</bndbox>
	</object>
</annotation>
