<annotation>
	<folder>black captcha</folder>
	<filename>28.png</filename>
	<path>C:\Users\Thoma\Downloads\Artificial-Intelligence-project-master\Artificial-Intelligence-project-master\object Detection Model\black captcha\28.png</path>
	<source>
		<database>Unknown</database>
	</source>
	<size>
		<width>1888</width>
		<height>1062</height>
		<depth>3</depth>
	</size>
	<segmented>0</segmented>
	<object>
		<name>captcha</name>
		<pose>Unspecified</pose>
		<truncated>0</truncated>
		<difficult>0</difficult>
		<bndbox>
			<xmin>465</xmin>
			<ymin>424</ymin>
			<xmax>810</xmax>
			<ymax>517</ymax>
		</bndbox>
	</object>
</annotation>
