<annotation>
	<folder>black captcha</folder>
	<filename>30.png</filename>
	<path>C:\Users\Thoma\Downloads\Artificial-Intelligence-project-master\Artificial-Intelligence-project-master\object Detection Model\black captcha\30.png</path>
	<source>
		<database>Unknown</database>
	</source>
	<size>
		<width>458</width>
		<height>458</height>
		<depth>3</depth>
	</size>
	<segmented>0</segmented>
	<object>
		<name>captcha</name>
		<pose>Unspecified</pose>
		<truncated>0</truncated>
		<difficult>0</difficult>
		<bndbox>
			<xmin>136</xmin>
			<ymin>48</ymin>
			<xmax>334</xmax>
			<ymax>101</ymax>
		</bndbox>
	</object>
</annotation>
