<annotation>
	<folder>black captcha</folder>
	<filename>32.png</filename>
	<path>C:\Users\Thoma\Downloads\Artificial-Intelligence-project-master\Artificial-Intelligence-project-master\object Detection Model\black captcha\32.png</path>
	<source>
		<database>Unknown</database>
	</source>
	<size>
		<width>1605</width>
		<height>667</height>
		<depth>3</depth>
	</size>
	<segmented>0</segmented>
	<object>
		<name>captcha</name>
		<pose>Unspecified</pose>
		<truncated>0</truncated>
		<difficult>0</difficult>
		<bndbox>
			<xmin>1236</xmin>
			<ymin>238</ymin>
			<xmax>1433</xmax>
			<ymax>290</ymax>
		</bndbox>
	</object>
</annotation>
