<annotation>
	<folder>black captcha</folder>
	<filename>33.png</filename>
	<path>C:\Users\Thoma\Downloads\Artificial-Intelligence-project-master\Artificial-Intelligence-project-master\object Detection Model\black captcha\33.png</path>
	<source>
		<database>Unknown</database>
	</source>
	<size>
		<width>1554</width>
		<height>871</height>
		<depth>3</depth>
	</size>
	<segmented>0</segmented>
	<object>
		<name>captcha</name>
		<pose>Unspecified</pose>
		<truncated>0</truncated>
		<difficult>0</difficult>
		<bndbox>
			<xmin>1173</xmin>
			<ymin>140</ymin>
			<xmax>1515</xmax>
			<ymax>233</ymax>
		</bndbox>
	</object>
</annotation>
