<annotation>
	<folder>black captcha</folder>
	<filename>34.png</filename>
	<path>C:\Users\Thoma\Downloads\Artificial-Intelligence-project-master\Artificial-Intelligence-project-master\object Detection Model\black captcha\34.png</path>
	<source>
		<database>Unknown</database>
	</source>
	<size>
		<width>1509</width>
		<height>832</height>
		<depth>3</depth>
	</size>
	<segmented>0</segmented>
	<object>
		<name>captcha</name>
		<pose>Unspecified</pose>
		<truncated>0</truncated>
		<difficult>0</difficult>
		<bndbox>
			<xmin>49</xmin>
			<ymin>203</ymin>
			<xmax>392</xmax>
			<ymax>296</ymax>
		</bndbox>
	</object>
</annotation>
