<annotation>
	<folder>black captcha</folder>
	<filename>35.png</filename>
	<path>/Users/johnhaag/Documents/GitHub/Artificial-Intelligence-project/object Detection Model/black captcha/35.png</path>
	<source>
		<database>Unknown</database>
	</source>
	<size>
		<width>1512</width>
		<height>804</height>
		<depth>3</depth>
	</size>
	<segmented>0</segmented>
	<object>
		<name>captcha</name>
		<pose>Unspecified</pose>
		<truncated>0</truncated>
		<difficult>0</difficult>
		<bndbox>
			<xmin>560</xmin>
			<ymin>59</ymin>
			<xmax>807</xmax>
			<ymax>132</ymax>
		</bndbox>
	</object>
</annotation>
