<annotation>
	<folder>black captcha</folder>
	<filename>36.png</filename>
	<path>/Users/johnhaag/Documents/GitHub/Artificial-Intelligence-project/object Detection Model/black captcha/36.png</path>
	<source>
		<database>Unknown</database>
	</source>
	<size>
		<width>1582</width>
		<height>831</height>
		<depth>3</depth>
	</size>
	<segmented>0</segmented>
	<object>
		<name>captcha</name>
		<pose>Unspecified</pose>
		<truncated>0</truncated>
		<difficult>0</difficult>
		<bndbox>
			<xmin>1075</xmin>
			<ymin>638</ymin>
			<xmax>1542</xmax>
			<ymax>780</ymax>
		</bndbox>
	</object>
</annotation>
