<annotation>
	<folder>black captcha</folder>
	<filename>37.png</filename>
	<path>/Users/johnhaag/Documents/GitHub/Artificial-Intelligence-project/object Detection Model/black captcha/37.png</path>
	<source>
		<database>Unknown</database>
	</source>
	<size>
		<width>1052</width>
		<height>771</height>
		<depth>3</depth>
	</size>
	<segmented>0</segmented>
	<object>
		<name>captcha</name>
		<pose>Unspecified</pose>
		<truncated>0</truncated>
		<difficult>0</difficult>
		<bndbox>
			<xmin>524</xmin>
			<ymin>371</ymin>
			<xmax>774</xmax>
			<ymax>451</ymax>
		</bndbox>
	</object>
</annotation>
