<annotation>
	<folder>black captcha</folder>
	<filename>38.png</filename>
	<path>/Users/johnhaag/Documents/GitHub/Artificial-Intelligence-project/object Detection Model/black captcha/38.png</path>
	<source>
		<database>Unknown</database>
	</source>
	<size>
		<width>1206</width>
		<height>913</height>
		<depth>3</depth>
	</size>
	<segmented>0</segmented>
	<object>
		<name>captcha</name>
		<pose>Unspecified</pose>
		<truncated>0</truncated>
		<difficult>0</difficult>
		<bndbox>
			<xmin>690</xmin>
			<ymin>469</ymin>
			<xmax>911</xmax>
			<ymax>537</ymax>
		</bndbox>
	</object>
</annotation>
