<annotation>
	<folder>black captcha</folder>
	<filename>40.png</filename>
	<path>/Users/johnhaag/Documents/GitHub/Artificial-Intelligence-project/object Detection Model/black captcha/40.png</path>
	<source>
		<database>Unknown</database>
	</source>
	<size>
		<width>1752</width>
		<height>984</height>
		<depth>3</depth>
	</size>
	<segmented>0</segmented>
	<object>
		<name>captcha</name>
		<pose>Unspecified</pose>
		<truncated>0</truncated>
		<difficult>0</difficult>
		<bndbox>
			<xmin>624</xmin>
			<ymin>566</ymin>
			<xmax>1096</xmax>
			<ymax>709</ymax>
		</bndbox>
	</object>
</annotation>
