<annotation>
	<folder>black captcha</folder>
	<filename>41.png</filename>
	<path>/Users/johnhaag/Documents/GitHub/Artificial-Intelligence-project/object Detection Model/black captcha/41.png</path>
	<source>
		<database>Unknown</database>
	</source>
	<size>
		<width>1490</width>
		<height>808</height>
		<depth>3</depth>
	</size>
	<segmented>0</segmented>
	<object>
		<name>captcha</name>
		<pose>Unspecified</pose>
		<truncated>0</truncated>
		<difficult>0</difficult>
		<bndbox>
			<xmin>332</xmin>
			<ymin>297</ymin>
			<xmax>582</xmax>
			<ymax>375</ymax>
		</bndbox>
	</object>
</annotation>
