<annotation>
	<folder>black captcha</folder>
	<filename>42.png</filename>
	<path>/Users/johnhaag/Documents/GitHub/Artificial-Intelligence-project/object Detection Model/black captcha/42.png</path>
	<source>
		<database>Unknown</database>
	</source>
	<size>
		<width>1801</width>
		<height>853</height>
		<depth>3</depth>
	</size>
	<segmented>0</segmented>
	<object>
		<name>captcha</name>
		<pose>Unspecified</pose>
		<truncated>0</truncated>
		<difficult>0</difficult>
		<bndbox>
			<xmin>1390</xmin>
			<ymin>271</ymin>
			<xmax>1629</xmax>
			<ymax>344</ymax>
		</bndbox>
	</object>
</annotation>
