<annotation>
	<folder>black captcha</folder>
	<filename>43.png</filename>
	<path>/Users/johnhaag/Documents/GitHub/Artificial-Intelligence-project/object Detection Model/black captcha/43.png</path>
	<source>
		<database>Unknown</database>
	</source>
	<size>
		<width>1618</width>
		<height>772</height>
		<depth>3</depth>
	</size>
	<segmented>0</segmented>
	<object>
		<name>captcha</name>
		<pose>Unspecified</pose>
		<truncated>0</truncated>
		<difficult>0</difficult>
		<bndbox>
			<xmin>139</xmin>
			<ymin>562</ymin>
			<xmax>360</xmax>
			<ymax>631</ymax>
		</bndbox>
	</object>
</annotation>
