<annotation>
	<folder>black captcha</folder>
	<filename>44.png</filename>
	<path>/Users/johnhaag/Documents/GitHub/Artificial-Intelligence-project/object Detection Model/black captcha/44.png</path>
	<source>
		<database>Unknown</database>
	</source>
	<size>
		<width>1717</width>
		<height>883</height>
		<depth>3</depth>
	</size>
	<segmented>0</segmented>
	<object>
		<name>captcha</name>
		<pose>Unspecified</pose>
		<truncated>0</truncated>
		<difficult>0</difficult>
		<bndbox>
			<xmin>691</xmin>
			<ymin>139</ymin>
			<xmax>968</xmax>
			<ymax>228</ymax>
		</bndbox>
	</object>
</annotation>
