<annotation>
	<folder>black captcha</folder>
	<filename>45.png</filename>
	<path>/Users/johnhaag/Documents/GitHub/Artificial-Intelligence-project/object Detection Model/black captcha/45.png</path>
	<source>
		<database>Unknown</database>
	</source>
	<size>
		<width>1634</width>
		<height>872</height>
		<depth>3</depth>
	</size>
	<segmented>0</segmented>
	<object>
		<name>captcha</name>
		<pose>Unspecified</pose>
		<truncated>0</truncated>
		<difficult>0</difficult>
		<bndbox>
			<xmin>1162</xmin>
			<ymin>619</ymin>
			<xmax>1533</xmax>
			<ymax>733</ymax>
		</bndbox>
	</object>
</annotation>
