<annotation>
	<folder>black captcha</folder>
	<filename>46.png</filename>
	<path>/Users/johnhaag/Documents/GitHub/Artificial-Intelligence-project/object Detection Model/black captcha/46.png</path>
	<source>
		<database>Unknown</database>
	</source>
	<size>
		<width>1447</width>
		<height>800</height>
		<depth>3</depth>
	</size>
	<segmented>0</segmented>
	<object>
		<name>captcha</name>
		<pose>Unspecified</pose>
		<truncated>0</truncated>
		<difficult>0</difficult>
		<bndbox>
			<xmin>978</xmin>
			<ymin>76</ymin>
			<xmax>1351</xmax>
			<ymax>193</ymax>
		</bndbox>
	</object>
</annotation>
