<annotation>
	<folder>black captcha</folder>
	<filename>47.png</filename>
	<path>/Users/johnhaag/Documents/GitHub/Artificial-Intelligence-project/object Detection Model/black captcha/47.png</path>
	<source>
		<database>Unknown</database>
	</source>
	<size>
		<width>1727</width>
		<height>864</height>
		<depth>3</depth>
	</size>
	<segmented>0</segmented>
	<object>
		<name>captcha</name>
		<pose>Unspecified</pose>
		<truncated>0</truncated>
		<difficult>0</difficult>
		<bndbox>
			<xmin>189</xmin>
			<ymin>600</ymin>
			<xmax>658</xmax>
			<ymax>759</ymax>
		</bndbox>
	</object>
</annotation>
