<annotation>
	<folder>black captcha</folder>
	<filename>48.png</filename>
	<path>/Users/johnhaag/Documents/GitHub/Artificial-Intelligence-project/object Detection Model/black captcha/48.png</path>
	<source>
		<database>Unknown</database>
	</source>
	<size>
		<width>946</width>
		<height>996</height>
		<depth>3</depth>
	</size>
	<segmented>0</segmented>
	<object>
		<name>captcha</name>
		<pose>Unspecified</pose>
		<truncated>0</truncated>
		<difficult>0</difficult>
		<bndbox>
			<xmin>581</xmin>
			<ymin>246</ymin>
			<xmax>827</xmax>
			<ymax>330</ymax>
		</bndbox>
	</object>
</annotation>
