<annotation>
	<folder>black captcha</folder>
	<filename>49.png</filename>
	<path>/Users/johnhaag/Documents/GitHub/Artificial-Intelligence-project/object Detection Model/black captcha/49.png</path>
	<source>
		<database>Unknown</database>
	</source>
	<size>
		<width>1488</width>
		<height>902</height>
		<depth>3</depth>
	</size>
	<segmented>0</segmented>
	<object>
		<name>captcha</name>
		<pose>Unspecified</pose>
		<truncated>0</truncated>
		<difficult>0</difficult>
		<bndbox>
			<xmin>298</xmin>
			<ymin>103</ymin>
			<xmax>570</xmax>
			<ymax>183</ymax>
		</bndbox>
	</object>
</annotation>
