<annotation>
	<folder>black captcha</folder>
	<filename>50.png</filename>
	<path>/Users/johnhaag/Documents/GitHub/Artificial-Intelligence-project/object Detection Model/black captcha/50.png</path>
	<source>
		<database>Unknown</database>
	</source>
	<size>
		<width>1347</width>
		<height>803</height>
		<depth>3</depth>
	</size>
	<segmented>0</segmented>
	<object>
		<name>captcha</name>
		<pose>Unspecified</pose>
		<truncated>0</truncated>
		<difficult>0</difficult>
		<bndbox>
			<xmin>445</xmin>
			<ymin>149</ymin>
			<xmax>691</xmax>
			<ymax>223</ymax>
		</bndbox>
	</object>
</annotation>
