<annotation>
	<folder>black captcha</folder>
	<filename> 51.png</filename>
	<path>/Users/johnhaag/Documents/GitHub/Artificial-Intelligence-project/object Detection Model/black captcha/ 51.png</path>
	<source>
		<database>Unknown</database>
	</source>
	<size>
		<width>2132</width>
		<height>1510</height>
		<depth>3</depth>
	</size>
	<segmented>0</segmented>
	<object>
		<name>captcha</name>
		<pose>Unspecified</pose>
		<truncated>0</truncated>
		<difficult>0</difficult>
		<bndbox>
			<xmin>225</xmin>
			<ymin>245</ymin>
			<xmax>847</xmax>
			<ymax>404</ymax>
		</bndbox>
	</object>
</annotation>
