<annotation>
	<folder>black captcha</folder>
	<filename> 57.png</filename>
	<path>/Users/johnhaag/Documents/GitHub/Artificial-Intelligence-project/object Detection Model/black captcha/ 57.png</path>
	<source>
		<database>Unknown</database>
	</source>
	<size>
		<width>2140</width>
		<height>1510</height>
		<depth>3</depth>
	</size>
	<segmented>0</segmented>
	<object>
		<name>captcha</name>
		<pose>Unspecified</pose>
		<truncated>0</truncated>
		<difficult>0</difficult>
		<bndbox>
			<xmin>1495</xmin>
			<ymin>298</ymin>
			<xmax>2117</xmax>
			<ymax>483</ymax>
		</bndbox>
	</object>
</annotation>
