<annotation>
	<folder>black captcha</folder>
	<filename> 69.png</filename>
	<path>/Users/johnhaag/Documents/GitHub/Artificial-Intelligence-project/object Detection Model/black captcha/ 69.png</path>
	<source>
		<database>Unknown</database>
	</source>
	<size>
		<width>2226</width>
		<height>1454</height>
		<depth>3</depth>
	</size>
	<segmented>0</segmented>
	<object>
		<name>captcha</name>
		<pose>Unspecified</pose>
		<truncated>0</truncated>
		<difficult>0</difficult>
		<bndbox>
			<xmin>299</xmin>
			<ymin>640</ymin>
			<xmax>933</xmax>
			<ymax>816</ymax>
		</bndbox>
	</object>
</annotation>
