<annotation>
	<folder>black captcha</folder>
	<filename> 98.png</filename>
	<path>/Users/johnhaag/Documents/GitHub/Artificial-Intelligence-project/object Detection Model/black captcha/ 98.png</path>
	<source>
		<database>Unknown</database>
	</source>
	<size>
		<width>2236</width>
		<height>1518</height>
		<depth>3</depth>
	</size>
	<segmented>0</segmented>
	<object>
		<name>captcha</name>
		<pose>Unspecified</pose>
		<truncated>0</truncated>
		<difficult>0</difficult>
		<bndbox>
			<xmin>638</xmin>
			<ymin>618</ymin>
			<xmax>1278</xmax>
			<ymax>795</ymax>
		</bndbox>
	</object>
</annotation>
